old_url,new_url,title,migrated_at
https://playbook.dxw.com/work-we-do/how-we-deliver-work/running-a-roadmapping-workshop/,https://dxw.getoutline.com/doc/running-a-roadmapping-workshop-F4jXlVE2h7,"Running a roadmapping workshop",2025-10-16 11:48:21
https://playbook.dxw.com/work-we-do/how-we-deliver-work/structure-of-a-project/,https://dxw.getoutline.com/doc/structure-of-a-project-dWw929S8jc,"Structure of a project",2025-10-16 11:48:21
https://playbook.dxw.com/work-we-do/how-we-deliver-work/managing-delivery/,https://dxw.getoutline.com/doc/managing-delivery-6h1UsZ4IjU,"Managing delivery",2025-10-16 11:48:20
https://playbook.dxw.com/work-we-do/how-we-deliver-work/running-a-discovery-kick-off-workshop/,https://dxw.getoutline.com/doc/running-a-discovery-kick-off-workshop-y3mYE7ZRkd,"Running a discovery kick-off workshop",2025-10-16 11:48:20
https://playbook.dxw.com/work-we-do/how-we-deliver-work/how-to-estimate-tasks/,https://dxw.getoutline.com/doc/how-to-estimate-tasks-l2oUliSulp,"How to estimate tasks",2025-10-16 11:48:19
https://playbook.dxw.com/work-we-do/how-we-deliver-work/development-sprints/,https://dxw.getoutline.com/doc/development-sprints-szVgGCou9Z,"Development sprints",2025-10-16 11:47:28
https://playbook.dxw.com/work-we-do/how-we-deliver-work/agile-delivery-phases/,https://dxw.getoutline.com/doc/agile-delivery-phases-KfkwqZB8Vd,"Agile delivery phases",2025-10-16 11:47:27
https://playbook.dxw.com/work-we-do/how-we-deliver-work/client-experience/,https://dxw.getoutline.com/doc/client-experience-Bckfi7eMaW,"Client experience",2025-10-16 11:47:27
https://playbook.dxw.com/work-we-do/finding-the-right-projects/,https://dxw.getoutline.com/doc/finding-the-right-projects-rMHNT6VFks,"Finding the right projects",2025-10-16 11:47:26
https://playbook.dxw.com/work-we-do/providing-techical-support/,https://dxw.getoutline.com/doc/providing-technical-support-cU1bO7LQhA,"Providing technical support",2025-10-16 11:47:26
https://playbook.dxw.com/work-we-do/how-we-deliver-work/,https://dxw.getoutline.com/doc/how-we-deliver-work-IQcebVUsuc,"How we deliver work",2025-10-16 11:47:26
https://playbook.dxw.com/user-research/when-and-how-to-give-incentives-to-research-participants/,https://dxw.getoutline.com/doc/when-and-how-to-give-incentives-to-research-participants-ZnPdYyK4Dd,"When and how to give incentives to research participants",2025-10-16 11:47:25
https://playbook.dxw.com/user-research/writing-and-using-discussion-guides/,https://dxw.getoutline.com/doc/writing-and-using-discussion-guides-mk3HLHoE7Q,"Writing and using discussion guides",2025-10-16 11:47:25
https://playbook.dxw.com/work-we-do/,https://dxw.getoutline.com/doc/the-work-we-do-nxeJayiVLz,"The work we do",2025-10-16 11:47:25
https://playbook.dxw.com/user-research/sharing-research-activities-and-findings/,https://dxw.getoutline.com/doc/sharing-research-activities-and-findings-iw7M7P8uk3,"Sharing research activities and findings",2025-10-16 11:47:24
https://playbook.dxw.com/user-research/taking-care-of-research-data/,https://dxw.getoutline.com/doc/taking-care-of-research-data-9lKq8ZkAtl,"Taking care of research data",2025-10-16 11:47:24
https://playbook.dxw.com/user-research/taking-notes-and-recording-research-sessions/,https://dxw.getoutline.com/doc/taking-notes-and-recording-research-sessions-qEEvk7vjYR,"Taking notes and recording research sessions",2025-10-16 11:47:24
https://playbook.dxw.com/user-research/naming-and-identifying-research-documents/,https://dxw.getoutline.com/doc/naming-and-identifying-research-documents-eUqMDryGME,"Naming and identifying research documents",2025-10-16 11:47:23
https://playbook.dxw.com/user-research/recruiting-participants-and-protecting-privacy/,https://dxw.getoutline.com/doc/recruiting-research-participants-and-protecting-their-privacy-fSUZX9SYWP,"Recruiting research participants and protecting their privacy",2025-10-16 11:47:23
https://playbook.dxw.com/user-research/getting-informed-consent-for-user-research/,https://dxw.getoutline.com/doc/getting-informed-consent-for-user-research-5X3nqojSII,"Getting informed consent for user research",2025-10-16 11:47:22
https://playbook.dxw.com/user-research/how-we-do-user-research/,https://dxw.getoutline.com/doc/how-we-do-user-research-Bno3w5tMBh,"How we do user research",2025-10-16 11:47:22
https://playbook.dxw.com/user-research/making-research-activities-inclusive-and-accessible/,https://dxw.getoutline.com/doc/making-research-activities-inclusive-and-accessible-ts7wLoFzvD,"Making research activities inclusive and accessible",2025-10-16 11:47:22
https://playbook.dxw.com/user-research/choosing-and-using-research-methods/,https://dxw.getoutline.com/doc/choosing-and-using-research-methods-6dHlObMqLO,"Choosing and using research methods",2025-10-16 11:47:21
https://playbook.dxw.com/user-research/creating-and-using-research-plans/,https://dxw.getoutline.com/doc/creating-and-using-research-plans-ZFhre6rcyO,"Creating and using research plans",2025-10-16 11:47:21
https://playbook.dxw.com/user-research/doing-research-safely/,https://dxw.getoutline.com/doc/doing-research-safely-QclOcL5T7j,"Doing research safely",2025-10-16 11:47:21
https://playbook.dxw.com/user-research/choosing-and-using-analysis-and-synthesis-methods/,https://dxw.getoutline.com/doc/choosing-and-using-analysis-and-synthesis-methods-MT8cnTXe7Z,"Choosing and using analysis and synthesis methods",2025-10-16 11:47:20
https://playbook.dxw.com/tech/incidents/reviewing-an-incident/,https://dxw.getoutline.com/doc/reviewing-an-incident-dxEe1dWlUg,"Reviewing an incident",2025-10-16 11:47:19
https://playbook.dxw.com/tech/incidents/writing-up-an-incident/,https://dxw.getoutline.com/doc/writing-up-an-incident-YiX7aNeLkA,"Writing up an incident",2025-10-16 11:47:19
https://playbook.dxw.com/user-research/,https://dxw.getoutline.com/doc/user-research-at-dxw-mZXMChykzi,"User research at dxw",2025-10-16 11:47:19
https://playbook.dxw.com/tech/incidents/dealing-with-an-incident/,https://dxw.getoutline.com/doc/dealing-with-an-incident-zRFQH0djI7,"Dealing with an incident",2025-10-16 11:47:18
https://playbook.dxw.com/tech/incidents/,https://dxw.getoutline.com/doc/incidents-9hpwGOjRoz,"Incidents",2025-10-16 11:46:26
https://playbook.dxw.com/tech/trusted-devices/,https://dxw.getoutline.com/doc/trusted-devices-e59uXSZIEm,"Trusted devices",2025-10-16 11:46:25
https://playbook.dxw.com/tech/web-accessibility/,https://dxw.getoutline.com/doc/web-accessibility-qJYvdqzKaE,"Web accessibility",2025-10-16 11:46:25
https://playbook.dxw.com/tech/web-performance/,https://dxw.getoutline.com/doc/web-performance-9ipEDAVT16,"Web performance",2025-10-16 11:46:25
https://playbook.dxw.com/tech/promotion-process/,https://dxw.getoutline.com/doc/technology-team-promotion-process-Flc9D7tuhw,"Technology team promotion process",2025-10-16 11:46:24
https://playbook.dxw.com/tech/support-and-on-call/,https://dxw.getoutline.com/doc/support-and-on-call-E71rT0Org4,"Support and on call",2025-10-16 11:46:24
https://playbook.dxw.com/tech/getting-a-project-ready-for-support/,https://dxw.getoutline.com/doc/getting-a-project-ready-for-support-nskwLqMqMh,"Getting a project ready for support",2025-10-16 11:46:23
https://playbook.dxw.com/tech/how-we-do-development/,https://dxw.getoutline.com/doc/how-we-do-development-rpLzD3BbdH,"How we do development",2025-10-16 11:46:23
https://playbook.dxw.com/tech/junior-developer-development-plan/,https://dxw.getoutline.com/doc/junior-developer-development-plan-gU1igiyCWg,"Junior developer development plan",2025-10-16 11:46:23
https://playbook.dxw.com/tech/data-standards/,https://dxw.getoutline.com/doc/data-standards-at-dxw-brNkDHuwvA,"Data standards at dxw",2025-10-16 11:46:22
https://playbook.dxw.com/tech/development-and-technical-operations-team-principles/,https://dxw.getoutline.com/doc/development-and-technical-operations-team-principles-NKhPHB5v2N,"Development and technical operations team principles",2025-10-16 11:46:22
https://playbook.dxw.com/staff-handbook/talking-about-what-we-do/writing-case-studies/,https://dxw.getoutline.com/doc/writing-case-studies-wvU4uppG3E,"Writing case studies",2025-10-16 11:46:21
https://playbook.dxw.com/tech/,https://dxw.getoutline.com/doc/technology-at-dxw-Jjj4f2lBto,"Technology at dxw",2025-10-16 11:46:21
https://playbook.dxw.com/tech/being-a-tech-lead-at-dxw/,https://dxw.getoutline.com/doc/being-a-tech-lead-at-dxw-fTL6ZGQLhu,"Being a tech lead at dxw",2025-10-16 11:46:21
https://playbook.dxw.com/staff-handbook/talking-about-what-we-do/our-blog/,https://dxw.getoutline.com/doc/our-blog-8seSx2o9HZ,"Our blog",2025-10-16 11:46:20
https://playbook.dxw.com/staff-handbook/talking-about-what-we-do/social-media-platforms-we-use/,https://dxw.getoutline.com/doc/social-media-platforms-we-use-XXz5y90J11,"Social media platforms we use",2025-10-16 11:46:20
https://playbook.dxw.com/staff-handbook/talking-about-what-we-do/tone-of-voice/,https://dxw.getoutline.com/doc/dxws-tone-of-voice-sJJyIHINPp,"dxw's tone of voice",2025-10-16 11:46:20
https://playbook.dxw.com/staff-handbook/talking-about-what-we-do/attending-hosting-and-speaking-at-events/,https://dxw.getoutline.com/doc/attending-hosting-and-speaking-at-events-4kMftDiEI7,"Attending, hosting and speaking at events",2025-10-16 11:46:19
https://playbook.dxw.com/staff-handbook/talking-about-what-we-do/inclusive-language-guides/,https://dxw.getoutline.com/doc/inclusive-language-guides-OWv4wIUNln,"Inclusive language guides",2025-10-16 11:46:19
https://playbook.dxw.com/staff-handbook/talking-about-what-we-do/internal-comms/,https://dxw.getoutline.com/doc/internal-comms-HgBVbyZiFd,"Internal comms",2025-10-16 11:46:19
https://playbook.dxw.com/staff-handbook/supporting-wellbeing/where-to-get-external-support/,https://dxw.getoutline.com/doc/where-to-get-external-support-XcpNgI2ssQ,"Where to get external support",2025-10-16 11:46:18
https://playbook.dxw.com/staff-handbook/talking-about-what-we-do/,https://dxw.getoutline.com/doc/talking-about-what-we-do-SiJoYOdHgI,"Talking about what we do",2025-10-16 11:46:18
https://playbook.dxw.com/staff-handbook/policies-and-procedures/parental-leave/unpaid-parental-leave/,https://dxw.getoutline.com/doc/unpaid-parental-leave-wr0lKm8w8G,"Unpaid parental leave",2025-10-16 11:46:17
https://playbook.dxw.com/staff-handbook/supporting-wellbeing/,https://dxw.getoutline.com/doc/supporting-wellbeing-8USi647tdY,"Supporting wellbeing",2025-10-16 11:46:17
https://playbook.dxw.com/staff-handbook/supporting-wellbeing/getting-support-internally/,https://dxw.getoutline.com/doc/getting-support-internally-2FecayMvRL,"Getting support internally",2025-10-16 11:46:17
https://playbook.dxw.com/staff-handbook/policies-and-procedures/parental-leave/shared-parental-leave/,https://dxw.getoutline.com/doc/shared-parental-leave-LMSJTg0vuC,"Shared parental leave",2025-10-16 11:45:26
https://playbook.dxw.com/staff-handbook/policies-and-procedures/parental-leave/keeping-in-touch-days/,https://dxw.getoutline.com/doc/keeping-in-touch-kit-days-QyaXRny5Sd,"Keeping in touch (KIT) days",2025-10-16 11:45:25
https://playbook.dxw.com/staff-handbook/policies-and-procedures/parental-leave/neonatal-care-leave-and-pay/,https://dxw.getoutline.com/doc/neonatal-care-leave-and-pay-mkMbL7IvZy,"Neonatal care leave and pay",2025-10-16 11:45:25
https://playbook.dxw.com/staff-handbook/policies-and-procedures/parental-leave/returning-to-work/,https://dxw.getoutline.com/doc/returning-to-work-RB9dZ0PXUR,"Returning to work",2025-10-16 11:45:25
https://playbook.dxw.com/staff-handbook/policies-and-procedures/parental-leave/if-you-are-pregnant/,https://dxw.getoutline.com/doc/if-you-are-pregnant-3y6R3WFVS3,"If you are pregnant",2025-10-16 11:45:24
https://playbook.dxw.com/staff-handbook/policies-and-procedures/parental-leave/if-you-are-the-secondary-carer/,https://dxw.getoutline.com/doc/if-you-are-the-secondary-carer-VpRnSMNb62,"If you are the secondary carer",2025-10-16 11:45:24
https://playbook.dxw.com/staff-handbook/policies-and-procedures/parental-leave/if-you-are-adopting-or-having-a-baby-through-surrogacy/,https://dxw.getoutline.com/doc/if-you-are-adopting-or-having-a-baby-through-surrogacy-DEe0tZwXlY,"If you are adopting or having a baby through surrogacy",2025-10-16 11:45:23
https://playbook.dxw.com/staff-handbook/policies-and-procedures/sickness-policy/,https://dxw.getoutline.com/doc/sickness-te2pD7NDwr,"Sickness",2025-10-16 11:45:22
https://playbook.dxw.com/staff-handbook/policies-and-procedures/travel-and-accommodation-policy/,https://dxw.getoutline.com/doc/travel-and-accommodation-policy-aFHyl6k8Qr,"Travel and accommodation policy",2025-10-16 11:45:22
https://playbook.dxw.com/staff-handbook/policies-and-procedures/working-from-overseas-policy/,https://dxw.getoutline.com/doc/working-from-overseas-policy-L7FXL0Foem,"Working from overseas policy",2025-10-16 11:45:22
https://playbook.dxw.com/staff-handbook/policies-and-procedures/promotion-policy-and-process/,https://dxw.getoutline.com/doc/promotion-policy-and-process-F6C3zotsku,"Promotion policy and process",2025-10-16 11:45:21
https://playbook.dxw.com/staff-handbook/policies-and-procedures/redundancy-policy/,https://dxw.getoutline.com/doc/redundancy-procedure-S5VEVFRUeE,"Redundancy procedure",2025-10-16 11:45:21
https://playbook.dxw.com/staff-handbook/policies-and-procedures/reward-philosophy/,https://dxw.getoutline.com/doc/reward-philosophy-jUdLPKwO4a,"Reward philosophy",2025-10-16 11:45:21
https://playbook.dxw.com/staff-handbook/policies-and-procedures/inclusion-diversity-equality/,https://dxw.getoutline.com/doc/inclusion-diversity-and-equal-opportunities-policy-eqzl5rKfPC,"Inclusion, diversity and equal opportunities policy",2025-10-16 11:45:20
https://playbook.dxw.com/staff-handbook/policies-and-procedures/parental-leave/,https://dxw.getoutline.com/doc/parental-leave-policy-Qek7CFrNfe,"Parental leave policy",2025-10-16 11:45:20
https://playbook.dxw.com/staff-handbook/policies-and-procedures/disciplinary-procedure/,https://dxw.getoutline.com/doc/disciplinary-procedure-q9ntfLOexP,"Disciplinary procedure",2025-10-16 11:45:19
https://playbook.dxw.com/staff-handbook/policies-and-procedures/grievances/,https://dxw.getoutline.com/doc/grievance-procedure-je6o3unmIy,"Grievance procedure",2025-10-16 11:45:19
https://playbook.dxw.com/staff-handbook/policies-and-procedures/,https://dxw.getoutline.com/doc/policies-and-procedures-Zrd65vsO39,"Policies and procedures",2025-10-16 11:45:18
https://playbook.dxw.com/staff-handbook/policies-and-procedures/bullying-and-harassment-policy/,https://dxw.getoutline.com/doc/bullying-and-harassment-policy-WNS08lIHfJ,"Bullying and harassment policy",2025-10-16 11:45:18
https://playbook.dxw.com/staff-handbook/pay-pension-and-benefits/benefits/life-assurance/,https://dxw.getoutline.com/doc/life-assurance-Evqa4oJUev,"Life assurance",2025-10-16 11:45:17
https://playbook.dxw.com/staff-handbook/pay-pension-and-benefits/benefits/train-season-ticket-loan/,https://dxw.getoutline.com/doc/train-season-ticket-loan-t0pCdC7cnC,"Train season ticket loan",2025-10-16 11:45:17
https://playbook.dxw.com/staff-handbook/pay-pension-and-benefits/benefits/workplace-nursery/,https://dxw.getoutline.com/doc/workplace-nursery-qfOBLU13ky,"Workplace nursery",2025-10-16 11:45:17
https://playbook.dxw.com/staff-handbook/pay-pension-and-benefits/benefits/employee-assistance-programme/,https://dxw.getoutline.com/doc/employee-assistance-programme-FtusB7ragZ,"Employee assistance programme",2025-10-16 11:45:16
https://playbook.dxw.com/staff-handbook/pay-pension-and-benefits/benefits/flexible-holiday-scheme/,https://dxw.getoutline.com/doc/flexible-holiday-scheme-hqKZeUc6sD,"Flexible holiday scheme",2025-10-16 11:45:16
https://playbook.dxw.com/staff-handbook/pay-pension-and-benefits/benefits/home-office-equipment/,https://dxw.getoutline.com/doc/home-office-equipment-tpLDPTqAcS,"Home office equipment",2025-10-16 11:45:16
https://playbook.dxw.com/staff-handbook/pay-pension-and-benefits/benefits/electric-vehicle-scheme/,https://dxw.getoutline.com/doc/electric-vehicle-scheme-CaFj2QQcWS,"Electric vehicle scheme",2025-10-16 11:44:24
https://playbook.dxw.com/staff-handbook/pay-pension-and-benefits/pension/,https://dxw.getoutline.com/doc/pension-EWWUhMStqY,"Pension",2025-10-16 11:44:23
https://playbook.dxw.com/staff-handbook/pay-pension-and-benefits/benefits/cash-plan/,https://dxw.getoutline.com/doc/cash-plan-mqs7sTIHGq,"Cash plan",2025-10-16 11:44:23
https://playbook.dxw.com/staff-handbook/pay-pension-and-benefits/benefits/cycle-to-work-scheme/,https://dxw.getoutline.com/doc/cycle-to-work-scheme-meb0YySEdZ,"Cycle to work scheme",2025-10-16 11:44:23
https://playbook.dxw.com/staff-handbook/line-management/learning-and-development-for-team-members/,https://dxw.getoutline.com/doc/guides-for-line-managers-x7ZCyoSXev,"Guides for line managers",2025-10-16 11:44:22
https://playbook.dxw.com/staff-handbook/pay-pension-and-benefits/,https://dxw.getoutline.com/doc/pay-pension-and-benefits-ma6rTyh7P7,"Pay, pension and benefits",2025-10-16 11:44:22
https://playbook.dxw.com/staff-handbook/pay-pension-and-benefits/benefits/,https://dxw.getoutline.com/doc/benefits-bZJUbsa95H,"Benefits",2025-10-16 11:44:22
https://playbook.dxw.com/staff-handbook/leave/sabbatical-and-unpaid-leave/,https://dxw.getoutline.com/doc/sabbatical-and-unpaid-leave-FX42d39wNw,"Sabbatical and unpaid leave",2025-10-16 11:44:21
https://playbook.dxw.com/staff-handbook/line-management/,https://dxw.getoutline.com/doc/line-management-yuO93XhrA4,"Line management",2025-10-16 11:44:21
https://playbook.dxw.com/staff-handbook/leave/jury-service-leave/,https://dxw.getoutline.com/doc/jury-service-leave-GXpcWqTEo4,"Jury service leave",2025-10-16 11:44:20
https://playbook.dxw.com/staff-handbook/leave/medical-appointments/,https://dxw.getoutline.com/doc/medical-appointments-owQNferOzM,"Medical appointments",2025-10-16 11:44:20
https://playbook.dxw.com/staff-handbook/leave/personal-leave/,https://dxw.getoutline.com/doc/personal-leave-cNJYXPBSue,"Personal leave",2025-10-16 11:44:20
https://playbook.dxw.com/staff-handbook/leave/compassionate-leave/,https://dxw.getoutline.com/doc/compassionate-leave-yMqWxJNc2Z,"Compassionate leave",2025-10-16 11:44:19
https://playbook.dxw.com/staff-handbook/leave/holiday/,https://dxw.getoutline.com/doc/holiday-bHjt1LZjCg,"Holiday",2025-10-16 11:44:19
https://playbook.dxw.com/staff-handbook/learning-and-development/support-for-professional-qualifications/,https://dxw.getoutline.com/doc/support-for-professional-qualifications-JrOBVOgyYq,"Support for professional qualifications",2025-10-16 11:44:18
https://playbook.dxw.com/staff-handbook/leave/,https://dxw.getoutline.com/doc/leave-X084afjd9R,"Leave",2025-10-16 11:44:18
https://playbook.dxw.com/staff-handbook/leave/TOIL/,https://dxw.getoutline.com/doc/toil-BAli8t8und,"TOIL",2025-10-16 11:44:18
https://playbook.dxw.com/staff-handbook/working-securely/,https://dxw.getoutline.com/doc/working-securely-W2hhOAq95Y,"Working Securely",2025-10-16 11:44:17
https://playbook.dxw.com/staff-handbook/learning-and-development/,https://dxw.getoutline.com/doc/learning-and-development-6obvPLhr4e,"Learning and development",2025-10-16 11:44:17
https://playbook.dxw.com/staff-handbook/learning-and-development/how-to-use-your-learning-and-development-allowance/,https://dxw.getoutline.com/doc/learning-and-development-budget-ilpy1ybH6D,"Learning and development budget",2025-10-16 11:44:17
https://playbook.dxw.com/staff-handbook/when-and-where-you-work/,https://dxw.getoutline.com/doc/when-and-where-you-work-ER6rmydWXx,"When and where you work",2025-10-16 11:44:16
https://playbook.dxw.com/staff-handbook/whistleblowing-policy/,https://dxw.getoutline.com/doc/whistleblowing-policy-uMPwRtzxaF,"Whistleblowing policy",2025-10-16 11:44:16
https://playbook.dxw.com/staff-handbook/our-offices/,https://dxw.getoutline.com/doc/our-offices-QAlGm5XjpW,"Our offices",2025-10-16 11:44:15
https://playbook.dxw.com/staff-handbook/recording-your-time/,https://dxw.getoutline.com/doc/recording-your-time-UeTGb3pATc,"Recording your time",2025-10-16 11:44:15
https://playbook.dxw.com/staff-handbook/recruitment-process/,https://dxw.getoutline.com/doc/recruitment-process-sewWSr3b6Q,"Recruitment process",2025-10-16 11:44:15
https://playbook.dxw.com/staff-handbook/leaving-dxw/,https://dxw.getoutline.com/doc/leaving-dxw-RnTYl5Q7pr,"Leaving dxw",2025-10-16 11:43:22
https://playbook.dxw.com/staff-handbook/onboarding/,https://dxw.getoutline.com/doc/onboarding-m4czPDV0su,"Onboarding",2025-10-16 11:43:22
https://playbook.dxw.com/staff-handbook/flexible-working/,https://dxw.getoutline.com/doc/flexible-working-SLehtr4oLJ,"Flexible working",2025-10-16 11:43:21
https://playbook.dxw.com/staff-handbook/guidance-on-using-slack/,https://dxw.getoutline.com/doc/guidance-on-using-slack-cW9FbXBCbc,"Guidance on using Slack",2025-10-16 11:43:21
https://playbook.dxw.com/staff-handbook/in-person-working/,https://dxw.getoutline.com/doc/in-person-working-3dhI2kcdB9,"In-person working",2025-10-16 11:43:21
https://playbook.dxw.com/staff-handbook/data-protection-and-confidentiality/,https://dxw.getoutline.com/doc/data-protection-and-confidentiality-QjcAJ0r7k9,"Data protection and confidentiality",2025-10-16 11:43:20
https://playbook.dxw.com/staff-handbook/dxw-time/,https://dxw.getoutline.com/doc/dxw-time-twi2FTaorD,"dxw time",2025-10-16 11:43:20
https://playbook.dxw.com/sales-and-marketing/sales-and-marketing-team-principles/,https://dxw.getoutline.com/doc/sales-and-marketing-team-principles-BmlkgkgWPf,"Sales and marketing team principles",2025-10-16 11:43:19
https://playbook.dxw.com/staff-handbook/,https://dxw.getoutline.com/doc/staff-handbook-RfUX2dzmhl,"Staff handbook",2025-10-16 11:43:19
https://playbook.dxw.com/staff-handbook/claiming-expenses/,https://dxw.getoutline.com/doc/claiming-expenses-YDpGm2oRdW,"Claiming expenses",2025-10-16 11:43:19
https://playbook.dxw.com/sales-and-marketing/,https://dxw.getoutline.com/doc/sales-and-marketing-at-dxw-1CDRMc7iPU,"Sales and marketing at dxw",2025-10-16 11:43:18
https://playbook.dxw.com/sales-and-marketing/how-we-do-pitches/,https://dxw.getoutline.com/doc/how-we-do-pitches-gpjtQEY4vB,"How we do pitches",2025-10-16 11:43:18
https://playbook.dxw.com/sales-and-marketing/marketing-and-communications/,https://dxw.getoutline.com/doc/marketing-and-communications-at-dxw-xcKfU6d1TZ,"Marketing and Communications at dxw",2025-10-16 11:43:18
https://playbook.dxw.com/govpress-unit/web-analytics/,https://dxw.getoutline.com/doc/web-analytics-7BHA3itdUt,"Web analytics",2025-10-16 11:43:17
https://playbook.dxw.com/leadership/,https://dxw.getoutline.com/doc/leadership-at-dxw-RRpXnoXMiX,"Leadership at dxw",2025-10-16 11:43:17
https://playbook.dxw.com/product-management/,https://dxw.getoutline.com/doc/product-management-at-dxw-KbAbBRIixQ,"Product management at dxw",2025-10-16 11:43:17
https://playbook.dxw.com/govpress-unit/support/,https://dxw.getoutline.com/doc/govpress-support-YTsJUrmRg6,"GovPress support",2025-10-16 11:43:16
https://playbook.dxw.com/govpress-unit/ways-of-working/,https://dxw.getoutline.com/doc/ways-of-working-cVaU8BqtrK,"Ways of working",2025-10-16 11:43:16
https://playbook.dxw.com/govpress-unit/junior-developer-plan/,https://dxw.getoutline.com/doc/development-plans-junior-developers-atbXu9imNJ,"Development plans - Junior developers",2025-10-16 11:43:15
https://playbook.dxw.com/govpress-unit/plugin-advisories/,https://dxw.getoutline.com/doc/govpress-plugin-advisories-HPApLbcs8O,"GovPress plugin advisories",2025-10-16 11:43:15
https://playbook.dxw.com/govpress-unit/plugin-reviews/,https://dxw.getoutline.com/doc/govpress-plugin-reviews-iLib1OwQjk,"GovPress plugin reviews",2025-10-16 11:43:15
https://playbook.dxw.com/govpress-unit/code-review/,https://dxw.getoutline.com/doc/code-review-in-govpress-zSUdW0WI60,"Code review in GovPress",2025-10-16 11:43:14
https://playbook.dxw.com/govpress-unit/hotfixing/,https://dxw.getoutline.com/doc/hotfixing-code-in-govpress-gsfdHNIzh7,"Hotfixing code in GovPress",2025-10-16 11:43:14
https://playbook.dxw.com/govpress-unit/,https://dxw.getoutline.com/doc/the-govpress-business-unit-OZccso1kSh,"The GovPress business unit",2025-10-16 11:43:13
https://playbook.dxw.com/govpress-unit/apprentice-developer-plan/,https://dxw.getoutline.com/doc/development-plan-apprentice-developers-dWruMKBxGC,"Development plan - Apprentice developers",2025-10-16 11:43:13
https://playbook.dxw.com/design/service-design/,https://dxw.getoutline.com/doc/service-design-at-dxw-4gpDGAPqQL,"Service design at dxw",2025-10-16 11:42:21
https://playbook.dxw.com/design/service-design/service-design-approach/,https://dxw.getoutline.com/doc/service-design-approach-15jU6irX50,"Service design approach",2025-10-16 11:42:21
https://playbook.dxw.com/design/design-career-progression-framework/,https://dxw.getoutline.com/doc/design-career-progression-framework-kskdSXZk22,"Design career progression framework",2025-10-16 11:42:20
https://playbook.dxw.com/design/content-design/,https://dxw.getoutline.com/doc/content-design-at-dxw-lkqCHdM5S8,"Content design at dxw",2025-10-16 11:42:20
https://playbook.dxw.com/design/content-design/our-approach-to-content-design/,https://dxw.getoutline.com/doc/our-approach-to-content-desgn-at-dxw-KNHLQFWXM5,"Our approach to content desgn at dxw",2025-10-16 11:42:20
https://playbook.dxw.com/delivery-management/weeknotes/,https://dxw.getoutline.com/doc/project-weeknotes-EUtKP2Gfkc,"Project weeknotes",2025-10-16 11:42:19
https://playbook.dxw.com/delivery-management/wrapping-up-a-project/,https://dxw.getoutline.com/doc/wrapping-up-a-project-1DP2mdBqVK,"Wrapping up a project",2025-10-16 11:42:19
https://playbook.dxw.com/design/,https://dxw.getoutline.com/doc/design-at-dxw-AHFeMmXmBK,"Design at dxw",2025-10-16 11:42:19
https://playbook.dxw.com/delivery-management/sprint-planning/,https://dxw.getoutline.com/doc/sprint-planning-9hRmu8rx89,"Sprint planning",2025-10-16 11:42:18
https://playbook.dxw.com/delivery-management/team-changes-and-handovers/,https://dxw.getoutline.com/doc/team-changes-and-handovers-qWOj2YkB5F,"Team changes and handovers",2025-10-16 11:42:18
https://playbook.dxw.com/delivery-management/setting-up-a-new-project/,https://dxw.getoutline.com/doc/setting-up-a-new-project-6NEc2tMR9p,"Setting up a new project",2025-10-16 11:42:17
https://playbook.dxw.com/delivery-management/show-and-tells/,https://dxw.getoutline.com/doc/show-and-tells-WVbtSlr6pe,"Show and tells",2025-10-16 11:42:17
https://playbook.dxw.com/contributing/managing-the-playbook/,https://dxw.getoutline.com/doc/managing-the-playbook-DE8jnyAFI2,"Managing the Playbook",2025-10-16 11:42:16
https://playbook.dxw.com/delivery-management/,https://dxw.getoutline.com/doc/delivery-management-at-dxw-nQwASY4Q9q,"Delivery management at dxw",2025-10-16 11:42:16
https://playbook.dxw.com/delivery-management/daily-standups/,https://dxw.getoutline.com/doc/daily-standups-GI1fDacqjb,"Daily standups",2025-10-16 11:42:16
https://playbook.dxw.com/commercial-ops/delegated-authorities/,https://dxw.getoutline.com/doc/delegated-authorities-gzLe4zNH8i,"Delegated authorities",2025-10-16 11:42:15
https://playbook.dxw.com/contributing/,https://dxw.getoutline.com/doc/contributing-to-the-playbook-hwb45UEXWw,"Contributing to the Playbook",2025-10-16 11:42:15
https://playbook.dxw.com/about-us/who-we-are/,https://dxw.getoutline.com/doc/who-we-are-UCacRGQLJs,"Who we are",2025-10-16 11:42:14
https://playbook.dxw.com/commercial-ops/,https://dxw.getoutline.com/doc/commercial-operations-at-dxw-zg7oB04e3i,"Commercial operations at dxw",2025-10-16 11:42:14
https://playbook.dxw.com/commercial-ops/commercial-operations-team-principles/,https://dxw.getoutline.com/doc/commercial-operations-team-principles-JvQf7LFuzg,"Commercial operations team principles",2025-10-16 11:42:14
https://playbook.dxw.com/about-us/employee-ownership-and-how-dxw-is-run/,https://dxw.getoutline.com/doc/employee-ownership-and-how-dxw-is-run-qbVtINHyPC,"Employee ownership and how dxw is run",2025-10-16 11:42:13
https://playbook.dxw.com/about-us/how-to-raise-issues-and-share-feedback/,https://dxw.getoutline.com/doc/how-to-raise-issues-and-share-feedback-CkPzg8wf1Q,"How to raise issues and share feedback",2025-10-16 11:42:13
https://playbook.dxw.com/about-us/our-mission-values-and-principles/,https://dxw.getoutline.com/doc/our-mission-values-and-principles-siXmnuXlti,"Our mission, values and principles",2025-10-16 11:42:13
https://playbook.dxw.com/about-us/,https://dxw.getoutline.com/doc/about-us-pBskp0Fvvd,"About us",2025-10-16 11:42:12
https://playbook.dxw.com/about-us/diversity-and-inclusion-statement/,https://dxw.getoutline.com/doc/diversity-and-inclusion-statement-iUdCG9wzTe,"Diversity and inclusion statement",2025-10-16 11:42:12
